{
  "products": [
    {
      "id": 1,
      "name": "Volkache Velvet 2 Seater Sofa",
      "price": 50450,
      "img": "https://ii2.pepperfry.com/media/catalog/product/t/r/494x544/treviso-2-seater-velvet-sofa-in-steel-grey-colour-by-woodsworth-treviso-2-seater-velvet-sofa-in-stee-uuvayd.jpg",
      "category": "sofa",
      "rating": 4,
      "ratingImage": "⭐⭐⭐⭐",
      "quantity": 1
    },
    {
      "id": 2,
      "name": "Obeisance Fabric Sofa",
      "price": 15750,
      "img": "https://ii3.pepperfry.com/media/catalog/product/o/b/494x544/obeisance-1-seater-sofa-in-beige-colour-by-dreamzz-furniture-obeisance-1-seater-sofa-in-beige-colour-mfmrq5.jpg",
      "category": "sofa",
      "rating": 3,
      "ratingImage": "⭐⭐⭐",
      "quantity": 1
    },
    {
      "id": 3,
      "name": "Obeisance Fabric Sofa",
      "price": 35785,
      "img": "https://ii1.pepperfry.com/media/catalog/product/r/o/494x544/romina-3-seater--lhs-sectional-sofa-in-navy-blue-colour---casacraft-by-pepperfry-romina-3-seater--lh-l84c6x.jpg",
      "category": "sofa",
      "rating": 4,
      "ratingImage": "⭐⭐⭐⭐",
      "quantity": 1
    },
    {
      "id": 4,
      "name": "Azalea Velvet 2 Seater Sofa",
      "price": 38750,
      "img": "https://ii2.pepperfry.com/media/catalog/product/a/z/494x544/azalea-2-seater-velvet-sofa-in-berry-red-colour-by-amberville-azalea-2-seater-velvet-sofa-in-berry-r-8as4rx.jpg",
      "category": "sofa",
      "rating": 5,
      "ratingImage": "⭐⭐⭐⭐⭐",
      "quantity": 1
    },
    {
      "id": 5,
      "name": "Adalia Leatherette 2 Seater Sofa",
      "price": 30390,
      "img": "https://ii2.pepperfry.com/media/catalog/product/a/d/494x544/adalia-2-seater-leatherette-sofa-in-brown-colour-by-casacraft-adalia-2-seater-leatherette-sofa-in-br-lpniim.jpg",
      "category": "sofa",
      "rating": 5,
      "ratingImage": "⭐⭐⭐⭐⭐",
      "quantity": 1
    },
    {
      "id": 6,
      "name": "Fernand Fabric 2 Seater Multicolor Sofa",
      "price": 30990,
      "img": "https://ii3.pepperfry.com/media/catalog/product/s/i/494x544/simon-2-seater-sofa-in-red-multi-colour-by-casacraft-simon-2-seater-sofa-in-red-multi-colour-by-casa-lkduch.jpg",
      "category": "sofa",
      "rating": 3,
      "ratingImage": "⭐⭐⭐",
      "quantity": 1
    },
    {
      "id": 7,
      "name": "Orting Sheesham Wood 2 Seater Sofa",
      "price": 29510,
      "img": "https://ii1.pepperfry.com/media/catalog/product/o/r/494x544/orting-solid-wood-2-seater-sofa-in-honey-oak-finish-by-woodsworth-orting-solid-wood-2-seater-sofa-in-xkegx9.jpg",
      "category": "sofa",
      "rating": 2,
      "ratingImage": "⭐⭐",
      "quantity": 1
    },
    {
      "id": 8,
      "name": "Alanzo Velvet LHS Sectional Sofa",
      "price": 84599,
      "img": "https://ii1.pepperfry.com/media/catalog/product/a/r/494x544/arsin-3-seater-lhs-velvet-sectional-sofa-with-lounger-in-fossil-grey-colour-by-amberville-arsin-3-se-kdlpb3.jpg",
      "category": "sofa",
      "rating": 5,
      "ratingImage": "⭐⭐⭐⭐⭐",
      "quantity": 1
    },
    {
      "id": 9,
      "name": "Indus Pure Sheesham Wood 1 Seater Sofa",
      "price": 84599,
      "img": "https://ii1.pepperfry.com/media/catalog/product/i/n/494x544/indus-sheesham-wood-1-seater-sofa-in-provincial-teak-finish---by-woodsworth-indus-sheesham-wood-1-se-gkfsxq.jpg",
      "category": "sofa",
      "rating": 2,
      "ratingImage": "⭐⭐",
      "quantity": 1
    },
    {
      "id": 10,
      "name": "Campbell Pure Leather 3 Seater Sofa",
      "price": 159550,
      "img": "https://ii2.pepperfry.com/media/catalog/product/c/a/494x544/campbell-3-seater-leather-sofa-in-brown-colour-by-durian-campbell-3-seater-leather-sofa-in-brown-col-veicma.jpg",
      "category": "sofa",
      "rating": 5,
      "ratingImage": "⭐⭐⭐⭐⭐",
      "quantity": 1
    },
    {
      "id": 11,
      "name": "Cacelia Fabric 3 Seater Sofa",
      "price": 129510,
      "img": "https://ii3.pepperfry.com/media/catalog/product/c/a/494x544/cacelia-3-seater-sofa-in-blue-colour-by-casacraft-cacelia-3-seater-sofa-in-blue-colour-by-casacraft-rrrpfa.jpg",
      "category": "sofa",
      "rating": 5,
      "ratingImage": "⭐⭐⭐⭐⭐",
      "quantity": 1
    },
    {
      "id": 12,
      "name": "Manila Fabric Rocking Chair",
      "price": 54510,
      "img": "https://ii3.pepperfry.com/media/catalog/product/m/a/494x544/manila-rocking---revolving-chair-in-grey--colour-by-casacraft-manila-rocking---revolving-chair-in-gr-bkpdaw.jpg",
      "category": "chair",
      "rating": 5,
      "ratingImage": "⭐⭐⭐⭐⭐",
      "quantity": 1
    },
    {
      "id": 13,
      "name": "Canterbury Leather Arm Chair",
      "price": 33550,
      "img": "https://ii3.pepperfry.com/media/catalog/product/v/i/494x544/virsko-leather-upholstered-armchair-in-brown-colour-by-amberville-virsko-leather-upholstered-armchai-8zqjuv.jpg",
      "category": "chair",
      "rating": 5,
      "ratingImage": "⭐⭐⭐⭐⭐",
      "quantity": 1
    },
    {
      "id": 14,
      "name": "Verdal Velvet Arm Chair",
      "price": 33550,
      "img": "https://ii1.pepperfry.com/media/catalog/product/t/a/494x544/tado-solid-wood-arm-chair-with-charcoal-grey-velvet-upholstery-by-woodsworth-tado-solid-wood-arm-cha-m0jfcx.jpg",
      "category": "chair",
      "rating": 4,
      "ratingImage": "⭐⭐⭐⭐",
      "quantity": 1
    },
    {
      "id": 15,
      "name": "Aylesbury Teak Wood Arm Chair",
      "price": 33550,
      "img": "https://ii1.pepperfry.com/media/catalog/product/a/y/494x544/aylesbury-teak-wood-arm-chair-in-rustic-teak-finish-by-amberville-aylesbury-teak-wood-arm-chair-in-r-wrkk7s.jpg",
      "category": "chair",
      "rating": 3,
      "ratingImage": "⭐⭐⭐",
      "quantity": 1
    },
    {
      "id": 16,
      "name": "Acklom Sheesham Wood Rocking Chair",
      "price": 28110,
      "img": "https://ii3.pepperfry.com/media/catalog/product/a/c/494x544/acklom-solid-wood-rocking-chair-in-honey-oak-finish-by-amberville-acklom-solid-wood-rocking-chair-in-3zf7yn.jpg",
      "category": "chair",
      "rating": 4,
      "ratingImage": "⭐⭐⭐⭐",
      "quantity": 1
    },
    {
      "id": 17,
      "name": "Bunka Solid Wood Arm Chair",
      "price": 25560,
      "img": "https://ii2.pepperfry.com/media/catalog/product/b/u/494x544/bunka-arm-chair-in-natural-finish-by-orangetree-bunka-arm-chair-in-natural-finish-by-orangetree-lw3lk5.jpg",
      "category": "chair",
      "rating": 5,
      "ratingImage": "⭐⭐⭐⭐⭐",
      "quantity": 1
    },
    {
      "id": 18,
      "name": "Sheesham Wood Table",
      "price": 4580,
      "img": "https://ii2.pepperfry.com/media/catalog/product/h/a/494x544/hayami-coffee-table-in-brown-oak-finish-by-mintwud-hayami-coffee-table-in-brown-oak-finish-by-mintwu-9stols.jpg",
      "category": "table",
      "rating": 5,
      "ratingImage": "⭐⭐⭐⭐⭐",
      "quantity": 1
    },
    {
      "id": 19,
      "name": "Siramika Sheesham Wood Table ",
      "price": 5685,
      "img": "https://ii3.pepperfry.com/media/catalog/product/m/a/494x544/max-coffee-table-in-choco-walnut--by-a-globia-creations-max-coffee-table-in-choco-walnut--by-a-globi-vogvsx.jpg",
      "category": "table",
      "rating": 4,
      "ratingImage": "⭐⭐⭐⭐",
      "quantity": 1
    },
    {
      "id": 20,
      "name": "Frosty White Laminate Table",
      "price": 4985,
      "img": "https://ii1.pepperfry.com/media/catalog/product/k/i/494x544/kiosk-coffee-table-in-frosty-white-colour-by-a-globia-creations-kiosk-coffee-table-in-frosty-white-c-pywhob.jpg",
      "category": "table",
      "rating": 5,
      "ratingImage": "⭐⭐⭐⭐⭐",
      "quantity": 1
    },
    {
      "id": 21,
      "name": "Segur Sheesham Coffee Table Set",
      "price": 19850,
      "img": "https://ii1.pepperfry.com/media/catalog/product/s/e/494x544/segur-sheesham-wood-nesting-coffee-table-set-in-provincial-teak-finish-by-woodsworth-segur-sheesham--g52d8b.jpg",
      "category": "table",
      "rating": 5,
      "ratingImage": "⭐⭐⭐⭐⭐",
      "quantity": 1
    },
    {
      "id": 22,
      "name": "Exotic Teak Finish Table",
      "price": 6570,
      "img": "https://ii1.pepperfry.com/media/catalog/product/m/a/494x544/max-coffee-table-in-dual-colour-by-a-globia-creations-max-coffee-table-in-dual-colour-by-a-globia-cr-9sj5fs.jpg",
      "category": "table",
      "rating": 4,
      "ratingImage": "⭐⭐⭐⭐",
      "quantity": 1
    },
    {
      "id": 23,
      "name": "Oslo Sheesham Table",
      "price": 15750,
      "img": "https://ii1.pepperfry.com/media/catalog/product/i/r/494x544/iris-solid-wood-coffee-table-in-provincial-teak-finish-by-woodsworth-iris-solid-wood-coffee-table-in-zoitzp.jpg",
      "category": "table",
      "rating": 5,
      "ratingImage": "⭐⭐⭐⭐⭐",
      "quantity": 1
    },
    {
      "id": 24,
      "name": "Kosmo Atlas Queen Size Bed",
      "price": 20570,
      "img": "https://ii1.pepperfry.com/media/catalog/product/k/o/494x544/kosmo-atlas-queen-bed-with-box-storage-in-vermount--finish-by-spacewood-kosmo-atlas-queen-bed-with-b-k3t3kk.jpg",
      "category": "bed",
      "rating": 5,
      "ratingImage": "⭐⭐⭐⭐⭐",
      "quantity": 1
    },
    {
      "id": 25,
      "name": "Walnut Finish Queen Size Bed",
      "price": 26750,
      "img": "https://ii3.pepperfry.com/media/catalog/product/t/o/494x544/tomoko-queen-size-upholstered-bed-with-storage-in-bronze-walnut-colour-by-mintwud-tomoko-queen-size--bd81i2.jpg",
      "category": "bed",
      "rating": 4,
      "ratingImage": "⭐⭐⭐⭐",
      "quantity": 1
    },
    {
      "id": 26,
      "name": "Starlight Queen Size Bed",
      "price": 18750,
      "img": "https://ii2.pepperfry.com/media/catalog/product/s/t/494x544/starlight-queen-size-bed-with-box-storage-in-wenge-finish-by-mintwud-starlight-queen-size-bed-with-b-nk9mbl.jpg",
      "category": "bed",
      "rating": 4,
      "ratingImage": "⭐⭐⭐⭐",
      "quantity": 1
    },
    {
      "id": 27,
      "name": "Kosmo Autumn Queen Size Bed",
      "price": 107850,
      "img": "https://ii1.pepperfry.com/media/catalog/product/k/o/494x544/kosmo-autumn-queen-size-bed-with-storage-by-spacewood-kosmo-autumn-queen-size-bed-with-storage-by-sp-lavh6w.jpg",
      "category": "bed",
      "rating": 5,
      "ratingImage": "⭐⭐⭐⭐⭐",
      "quantity": 1
    },
    {
      "id": 28,
      "name": "Kosmo Hamilton King Size Bed",
      "price": 102850,
      "img": "https://ii2.pepperfry.com/media/catalog/product/k/o/494x544/kosmo-hamilton-king-size-upholstered-bed-with-hydraulic-storagein-high-gloss-cashmere-finish-by-spac-ptqywx.jpg",
      "category": "bed",
      "rating": 5,
      "ratingImage": "⭐⭐⭐⭐⭐",
      "quantity": 1
    },
    {
      "id": 29,
      "name": "Cabalina 4 Door Wardrobe",
      "price": 31500,
      "img": "https://ii3.pepperfry.com/media/catalog/product/i/v/494x544/ivanka-4-door-wardrobe-in-natural-walnut-colour-by-casacraft-ivanka-4-door-wardrobe-in-natural-walnu-fo0arp.jpg",
      "category": "wardrobe",
      "rating": 5,
      "ratingImage": "⭐⭐⭐⭐⭐",
      "quantity": 1
    },
    {
      "id": 30,
      "name": "Ujisato 4+ Door Wardrobe",
      "price": 26550,
      "img": "https://ii3.pepperfry.com/media/catalog/product/u/j/494x544/ujisato-6-door-wardrobe-with-2-drawers-by-mintwud-ujisato-6-door-wardrobe-with-2-drawers-by-mintwud-iktmg9.jpg",
      "category": "wardrobe",
      "rating": 4,
      "ratingImage": "⭐⭐⭐⭐",
      "quantity": 1
    },
    {
      "id": 31,
      "name": "Astra 4 Door Wardrobe in",
      "price": 107850,
      "img": "https://ii2.pepperfry.com/media/catalog/product/a/s/494x544/astra-4-door-wardrobe-in-wenge-finish-by-hometown-astra-4-door-wardrobe-in-wenge-finish-by-hometown-stjwvc.jpg",
      "category": "wardrobe",
      "rating": 5,
      "ratingImage": "⭐⭐⭐⭐⭐",
      "quantity": 1
    },
    {
      "id": 32,
      "name": "Kosmo Universal Sliding Door Wardrobe",
      "price": 87570,
      "img": "https://ii1.pepperfry.com/media/catalog/product/k/o/494x544/kosmo-universal-2-door-sliding-wardrobe-in-natural-teak-by-spacewood-kosmo-universal-2-door-sliding--8vzzog.jpg",
      "category": "wardrobe",
      "rating": 5,
      "ratingImage": "⭐⭐⭐⭐⭐",
      "quantity": 1
    },
    {
      "id": 33,
      "name": "Kamchini Pure Sheesham Wood Single Door Wardrobe",
      "price": 66750,
      "img": "https://ii3.pepperfry.com/media/catalog/product/k/a/494x544/kamchini-solid-wood-single-door-wardrobe-in-honey-oak-finish---by-mudramark-kamchini-solid-wood-sing-tr2ykp.jpg",
      "category": "wardrobe",
      "rating": 3,
      "ratingImage": "⭐⭐⭐",
      "quantity": 1
    }
  ],
  "card-data": [
    {
      "id": 4,
      "name": "Azalea Velvet 2 Seater Sofa",
      "price": 38750,
      "img": "https://ii2.pepperfry.com/media/catalog/product/a/z/494x544/azalea-2-seater-velvet-sofa-in-berry-red-colour-by-amberville-azalea-2-seater-velvet-sofa-in-berry-r-8as4rx.jpg",
      "category": "sofa",
      "rating": 5,
      "ratingImage": "⭐⭐⭐⭐⭐",
      "quantity": 1
    }
  ]
}